[
    {
      "provider_username": "Bob's Realty",
      "street_address": "1338 Fernwood Ct",
      "city": "New Brunswick",
      "state": "NJ",
      "zipcode": "08901",
      "building_type": "Condo",
      "purchase_type": "Rent",
      "price": 1499.5,
      "availability": 1,
      "transportation": "None",
      "rooms": 3
    },
    {
      "provider_username": "Autoone Realty Group",
      "street_address": "363 Livingston Ave",
      "city": "New Brunswick",
      "state": "NJ",
      "zipcode": "08901",
      "building_type": "Multi-Family",
      "purchase_type": "Rent",
      "price": 1625,
      "availability": 1,
      "transportation": "Bus, Bike,Train",
      "rooms": 3
    },
    {
      "provider_username": "j_smith123",
      "street_address": "131 Seaman St",
      "city": "New Brunswick",
      "state": "NJ",
      "zipcode": "08901",
      "building_type": "House",
      "purchase_type": "Rent",
      "price": 1445,
      "availability": 1,
      "transportation": "Train",
      "rooms": 3
    },
    {
      "provider_username": "Autoone Realty Group",
      "street_address": "1026 Edpas Road UNIT 1026",
      "city": "New Brunswick",
      "state": "NJ",
      "zipcode": "08901",
      "building_type": "Condo",
      "purchase_type": "Rent",
      "price": 1095,
      "availability": 1,
      "transportation": "Train",
      "rooms": 2
    },
    {
      "provider_username": "Autoone Realty Group",
      "street_address": "62 Pennington Rd",
      "city": "New Brunswick",
      "state": "NJ",
      "zipcode": "08901",
      "building_type": "House",
      "purchase_type": "Rent",
      "price": 1794,
      "availability": 1,
      "transportation": "Bus",
      "rooms": 2
    },
    {
      "provider_username": "mike456",
      "street_address": "125 Tunison Rd",
      "city": "New Brunswick",
      "state": "NJ",
      "zipcode": "08901",
      "building_type": "House",
      "purchase_type": "Sale",
      "price": 399000,
      "availability": 1,
      "transportation": "Bus",
      "rooms": 3
    },
    {
      "provider_username": "Autoone Realty Group",
      "street_address": "353 Handy St",
      "city": "New Brunswick",
      "state": "NJ",
      "zipcode": "08901",
      "building_type": "Multi-Family",
      "purchase_type": "Sale",
      "price": 150000,
      "availability": 1,
      "transportation": "Bus, Bike,Train",
      "rooms": 4
    },
    {
      "provider_username": "j_smith123",
      "street_address": "46 S Pennington Rd",
      "city": "New Brunswick",
      "state": "NJ",
      "zipcode": "08901",
      "building_type": "House",
      "purchase_type": "Rent",
      "price": 1625,
      "availability": 1,
      "transportation": "None",
      "rooms": 2
    },
    {
      "provider_username": "j_smith123",
      "street_address": "464 Remsen Ave",
      "city": "New Brunswick",
      "state": "NJ",
      "zipcode": "08901",
      "building_type": "House",
      "purchase_type": "Sale",
      "price": 420000,
      "availability": 1,
      "transportation": "Train",
      "rooms": 2
    },
    {
      "provider_username": "Bob's Realty",
      "street_address": "4 7th St",
      "city": "New Brunswick",
      "state": "NJ",
      "zipcode": "08901",
      "building_type": "Multi-Family",
      "purchase_type": "Rent",
      "price": 3675,
      "availability": 1,
      "transportation": "Bus",
      "rooms": 3
    },
    {
      "provider_username": "Autoone Realty Group",
      "street_address": "205 Paul Robeson Blvd UNIT 2",
      "city": "New Brunswick",
      "state": "NJ",
      "zipcode": "08901",
      "building_type": "Condo",
      "purchase_type": "Sale",
      "price": 459000,
      "availability": 1,
      "transportation": "Bus, Bike,Train",
      "rooms": 3
    },
    {
      "provider_username": "Autoone Realty Group",
      "street_address": "25 Handy St",
      "city": "New Brunswick",
      "state": "NJ",
      "zipcode": "08901",
      "building_type": "House",
      "purchase_type": "Sale",
      "price": 599000,
      "availability": 1,
      "transportation": "Bus",
      "rooms": 12
    },
    {
      "provider_username": "hank2",
      "street_address": "54 Drift St",
      "city": "New Brunswick",
      "state": "NJ",
      "zipcode": "08901",
      "building_type": "House",
      "purchase_type": "Sale",
      "price": 319000,
      "availability": 1,
      "transportation": "Bike",
      "rooms": 4
    },
    {
      "provider_username": "Bob's Realty",
      "street_address": "216 Suydam St",
      "city": "New Brunswick",
      "state": "NJ",
      "zipcode": "08901",
      "building_type": "Multi-Family",
      "purchase_type": "Sale",
      "price": 450000,
      "availability": 1,
      "transportation": "Taxi",
      "rooms": 4
    },
    {
      "provider_username": "Bob's Realty",
      "street_address": "110 Somerset St APT 2105",
      "city": "New Brunswick",
      "state": "NJ",
      "zipcode": "08901",
      "building_type": "Condo",
      "purchase_type": "Sale",
      "price": 450000,
      "availability": 1,
      "transportation": "Taxi",
      "rooms": 12
    },
    {
      "provider_username": "Autoone Realty Group",
      "street_address": "71 Drift St",
      "city": "New Brunswick",
      "state": "NJ",
      "zipcode": "08901",
      "building_type": "Multi-Family",
      "purchase_type": "Sale",
      "price": 430000,
      "availability": 1,
      "transportation": "Bus, Bike,Train",
      "rooms": 3
    },
    {
      "provider_username": "Autoone Realty Group",
      "street_address": "412 Bound Brook Ave",
      "city": "Piscataway",
      "state": "NJ",
      "zipcode": "08854",
      "building_type": "House",
      "purchase_type": "Rent",
      "price": 2499.5,
      "availability": 1,
      "transportation": "None",
      "rooms": 3
    },
    {
      "provider_username": "Autoone Realty Group",
      "street_address": "4 Karen Ct",
      "city": "Piscataway",
      "state": "NJ",
      "zipcode": "08854",
      "building_type": "House",
      "purchase_type": "Sale",
      "price": 629000,
      "availability": 1,
      "transportation": "Bike",
      "rooms": 4
    },
    {
      "provider_username": "Autoone Realty Group",
      "street_address": "98 School St",
      "city": "Piscataway",
      "state": "NJ",
      "zipcode": "08854",
      "building_type": "House",
      "purchase_type": "Sale",
      "price": 649000,
      "availability": 1,
      "transportation": "Taxi",
      "rooms": 3
    },
    {
      "provider_username": "Bob's Realty",
      "street_address": "45 Tabb Ave",
      "city": "Piscataway",
      "state": "NJ",
      "zipcode": "08854",
      "building_type": "House",
      "purchase_type": "Sale",
      "price": 479250,
      "availability": 1,
      "transportation": "Taxi",
      "rooms": 4
    },
    {
      "provider_username": "Autoone Realty Group",
      "street_address": "260 Nebula Rd",
      "city": "Piscataway",
      "state": "NJ",
      "zipcode": "08854",
      "building_type": "Townhouse",
      "purchase_type": "Rent",
      "price": 1995,
      "availability": 1,
      "transportation": "Bus, Bike,Train",
      "rooms": 5
    },
    {
      "provider_username": "Autoone Realty Group",
      "street_address": "518 Prospect Ave",
      "city": "Piscataway",
      "state": "NJ",
      "zipcode": "08854",
      "building_type": "House",
      "purchase_type": "Sale",
      "price": 499900,
      "availability": 1,
      "transportation": "Bike",
      "rooms": 6
    },
    {
      "provider_username": "Bob's Realty",
      "street_address": "86 Fernwood Dr",
      "city": "Piscataway",
      "state": "NJ",
      "zipcode": "08854",
      "building_type": "House",
      "purchase_type": "Rent",
      "price": 4747.5,
      "availability": 1,
      "transportation": "Taxi",
      "rooms": 3
    },
    {
      "provider_username": "Autoone Realty Group",
      "street_address": "5 Pelmont Pl",
      "city": "Piscataway",
      "state": "NJ",
      "zipcode": "08854",
      "building_type": "House",
      "purchase_type": "Sale",
      "price": 460000,
      "availability": 1,
      "transportation": "Taxi",
      "rooms": 7
    },
    {
      "provider_username": "Autoone Realty Group",
      "street_address": "268 Pinelli Dr",
      "city": "Piscataway",
      "state": "NJ",
      "zipcode": "08854",
      "building_type": "Condo",
      "purchase_type": "Sale",
      "price": 475000,
      "availability": 1,
      "transportation": "Bike",
      "rooms": 2
    },
    {
      "provider_username": "Autoone Realty Group",
      "street_address": "124 College Dr",
      "city": "Edison",
      "state": "NJ",
      "zipcode": "08817",
      "building_type": "Condo",
      "purchase_type": "Sale",
      "price": 184900,
      "availability": 1,
      "transportation": "None",
      "rooms": 6
    },
    {
      "provider_username": "Bob's Realty",
      "street_address": "628 Grove Ave",
      "city": "Edison",
      "state": "NJ",
      "zipcode": "08820",
      "building_type": "House",
      "purchase_type": "Sale",
      "price": 600000,
      "availability": 1,
      "transportation": "Taxi",
      "rooms": 3
    },
    {
      "provider_username": "Autoone Realty Group",
      "street_address": "342 Westgate Dr",
      "city": "Edison",
      "state": "NJ",
      "zipcode": "08820",
      "building_type": "Townhouse",
      "purchase_type": "Sale",
      "price": 450000,
      "availability": 1,
      "transportation": "None",
      "rooms": 4
    },
    {
      "provider_username": "Autoone Realty Group",
      "street_address": "80 Calvert Ave",
      "city": "Edison",
      "state": "NJ",
      "zipcode": "08820",
      "building_type": "House",
      "purchase_type": "Rent",
      "price": 3445,
      "availability": 1,
      "transportation": "Train",
      "rooms": 4
    },
    {
      "provider_username": "Bob's Realty",
      "street_address": "62 Marlin Ave E",
      "city": "Edison",
      "state": "NJ",
      "zipcode": "08820",
      "building_type": "House",
      "purchase_type": "Sale",
      "price": 595000,
      "availability": 1,
      "transportation": "Bus, Bike,Train",
      "rooms": 1
    },
    {
      "provider_username": "Bob's Realty",
      "street_address": "43 Elizabeth Ave",
      "city": "Edison",
      "state": "NJ",
      "zipcode": "08820",
      "building_type": "House",
      "purchase_type": "Rent",
      "price": 2949.5,
      "availability": 1,
      "transportation": "Taxi",
      "rooms": 4
    },
    {
      "provider_username": "Autoone Realty Group",
      "street_address": "19 Phillip Dr",
      "city": "Edison",
      "state": "NJ",
      "zipcode": "08820",
      "building_type": "House",
      "purchase_type": "Sale",
      "price": 750000,
      "availability": 1,
      "transportation": "Taxi",
      "rooms": 8
    },
    {
      "provider_username": "Autoone Realty Group",
      "street_address": "962 Beatrice Pkwy",
      "city": "Edison",
      "state": "NJ",
      "zipcode": "08820",
      "building_type": "House",
      "purchase_type": "Sale",
      "price": 649900,
      "availability": 1,
      "transportation": "Train",
      "rooms": 4
    },
    {
      "provider_username": "Bob's Realty",
      "street_address": "2 Edgewood Rd",
      "city": "Edison",
      "state": "NJ",
      "zipcode": "08820",
      "building_type": "House",
      "purchase_type": "Sale",
      "price": 1350000,
      "availability": 1,
      "transportation": "None",
      "rooms": 6
    }
  ]